{"content":[{"id":"2f193138","settings":{"blocksy_stretch_section":"stretched","content_position":"middle","background_background":"classic","background_color":"#F1F1F0","text_align":"center","padding":{"unit":"px","top":"180","right":"0","bottom":"340","left":"0","isLinked":false},"padding_tablet":{"unit":"px","top":"120","right":"0","bottom":"340","left":"0","isLinked":false},"padding_mobile":{"unit":"px","top":"110","right":"0","bottom":"310","left":"0","isLinked":false}},"elements":[{"id":"1402014a","settings":{"_column_size":100,"_inline_size":null,"content_position":"center","align":"center","padding_tablet":{"unit":"px","top":"0","right":"0","bottom":"0","left":"0","isLinked":true}},"elements":[{"id":"6f4c19de","settings":{"shortcode":"[blocksy_breadcrumbs]","_margin_mobile":{"unit":"px","top":"10","right":"0","bottom":"0","left":"0","isLinked":false}},"elements":[],"isInner":false,"widgetType":"shortcode","elType":"widget"},{"id":"4eeb5bd6","settings":{"title":"About Us","align":"center","typography_typography":"custom","typography_font_size":{"unit":"px","size":70,"sizes":[]},"_margin":{"unit":"px","top":"15","right":"0","bottom":"0","left":"0","isLinked":false},"typography_font_size_tablet":{"unit":"px","size":40,"sizes":[]},"_margin_mobile":{"unit":"px","top":"5","right":"0","bottom":"0","left":"0","isLinked":false},"_margin_tablet":{"unit":"px","top":"5","right":"0","bottom":"0","left":"0","isLinked":false}},"elements":[],"isInner":false,"widgetType":"heading","elType":"widget"}],"isInner":false,"elType":"column"}],"isInner":false,"elType":"section"},{"id":"34cecac7","settings":{"gap_columns_custom":{"unit":"px","size":50,"sizes":[]},"structure":"20","background_background":"classic","background_overlay_background":"classic","background_overlay_image":{"url":"https:\/\/demo.creativethemes.com\/elementor\/garderobe\/wp-content\/uploads\/2021\/12\/shop-sale-cta-background.svg","id":167,"alt":"","source":"library"},"background_overlay_position":"bottom right","background_overlay_repeat":"no-repeat","background_overlay_size":"auto","__globals__":{"background_color":"globals\/colors?id=blocksy_palette_4"},"background_overlay_opacity":{"unit":"px","size":0.1000000000000000055511151231257827021181583404541015625,"sizes":[]},"margin":{"unit":"px","top":"-120","right":0,"bottom":"0","left":0,"isLinked":false},"padding":{"unit":"px","top":"0","right":"40","bottom":"40","left":"40","isLinked":false},"padding_tablet":{"unit":"px","top":"0","right":"40","bottom":"40","left":"40","isLinked":false},"padding_mobile":{"unit":"px","top":"0","right":"30","bottom":"30","left":"30","isLinked":false},"margin_tablet":{"unit":"px","top":"-150","right":0,"bottom":"0","left":0,"isLinked":false}},"elements":[{"id":"bc03e39","settings":{"_column_size":50,"_inline_size":43,"margin":{"unit":"px","top":"0","right":"30","bottom":"0","left":"0","isLinked":false},"_inline_size_tablet":100,"margin_tablet":{"unit":"px","top":"0","right":"0","bottom":"0","left":"0","isLinked":true},"padding_tablet":{"unit":"px","top":"0","right":"0","bottom":"0","left":"0","isLinked":true},"padding":{"unit":"px","top":"0","right":"0","bottom":"0","left":"0","isLinked":true}},"elements":[{"id":"6ff14129","settings":{"image":{"url":"https:\/\/demo.creativethemes.com\/elementor\/garderobe\/wp-content\/uploads\/2021\/12\/about-us-collection-section_optimized.webp","id":255,"alt":"","source":"library"},"image_size":"full","_margin":{"unit":"px","top":"-100","right":"0","bottom":"0","left":"0","isLinked":false},"width_tablet":{"unit":"%","size":100,"sizes":[]},"height_mobile":{"unit":"px","size":400,"sizes":[]}},"elements":[],"isInner":false,"widgetType":"image","elType":"widget"}],"isInner":false,"elType":"column"},{"id":"662faab5","settings":{"_column_size":50,"_inline_size":57,"margin":{"unit":"px","top":"0","right":"0","bottom":"0","left":"30","isLinked":false},"padding":{"unit":"px","top":"90","right":"0","bottom":"0","left":"0","isLinked":false},"_inline_size_tablet":100,"margin_tablet":{"unit":"px","top":"0","right":"0","bottom":"0","left":"0","isLinked":true},"padding_tablet":{"unit":"px","top":"50","right":"0","bottom":"0","left":"0","isLinked":false}},"elements":[{"id":"5578e0a7","settings":{"title":"Shoes Collection","__globals__":{"title_color":"globals\/colors?id=blocksy_palette_8"},"_margin":{"unit":"px","top":"0","right":"0","bottom":"30","left":"0","isLinked":false},"typography_typography":"custom","typography_font_size_tablet":{"unit":"px","size":30,"sizes":[]},"_margin_tablet":{"unit":"px","top":"0","right":"0","bottom":"20","left":"0","isLinked":false}},"elements":[],"isInner":false,"widgetType":"heading","elType":"widget"},{"id":"7e624155","settings":{"gap":"no","structure":"20"},"elements":[{"id":"1d22bcb5","settings":{"_column_size":50,"_inline_size":null,"margin_mobile":{"unit":"px","top":"0","right":"0","bottom":"50","left":"0","isLinked":false},"padding_tablet":{"unit":"px","top":"0","right":"20","bottom":"0","left":"0","isLinked":false},"padding_mobile":{"unit":"px","top":"0","right":"0","bottom":"0","left":"0","isLinked":true}},"elements":[{"id":"269c3d9a","settings":{"editor":"<p>Fusce at nisi eget dolor rhoncus facilisis. Mauris ante nisl, consectetur et luctus et, porta ut dolorurabitur ultricies ultrices nullaorbi blandit.<\/p>","__globals__":{"text_color":"globals\/colors?id=blocksy_palette_8"}},"elements":[],"isInner":false,"widgetType":"text-editor","elType":"widget"}],"isInner":true,"elType":"column"},{"id":"3e775a53","settings":{"_column_size":50,"_inline_size":null,"padding_tablet":{"unit":"px","top":"0","right":"0","bottom":"0","left":"20","isLinked":false},"padding_mobile":{"unit":"px","top":"0","right":"0","bottom":"0","left":"0","isLinked":true}},"elements":[{"id":"53dc4a9f","settings":{"editor":"<p>Fusce at nisi eget dolor rhoncus facilisis. Mauris ante nisl, consectetur et luctus eporta ut srabitur ultricies ultrices nullorbi blandit necevitae.<\/p>","__globals__":{"text_color":"globals\/colors?id=blocksy_palette_8"}},"elements":[],"isInner":false,"widgetType":"text-editor","elType":"widget"}],"isInner":true,"elType":"column"}],"isInner":true,"elType":"section"}],"isInner":false,"elType":"column"}],"isInner":false,"elType":"section"},{"id":"686d41fe","settings":{"margin":{"unit":"px","top":"130","right":0,"bottom":"50","left":0,"isLinked":false},"margin_tablet":{"unit":"px","top":"80","right":0,"bottom":"50","left":0,"isLinked":false}},"elements":[{"id":"56448b15","settings":{"_column_size":100,"_inline_size":null,"padding":{"unit":"px","top":"0","right":"0","bottom":"0","left":"0","isLinked":true}},"elements":[{"id":"45cf9f65","settings":{"editor":"<p>Ready to help you<\/p>","typography_typography":"custom","typography_font_size":{"unit":"px","size":18,"sizes":[]},"typography_font_weight":"500","align":"center","text_color":"#A5AAAE"},"elements":[],"isInner":false,"widgetType":"text-editor","elType":"widget"},{"id":"8e9122","settings":{"title":"Our Team","typography_typography":"custom","typography_font_size":{"unit":"px","size":40,"sizes":[]},"align":"center","typography_font_size_tablet":{"unit":"px","size":30,"sizes":[]}},"elements":[],"isInner":false,"widgetType":"heading","elType":"widget"}],"isInner":false,"elType":"column"}],"isInner":false,"elType":"section"},{"id":"4532d6f3","settings":{"structure":"40","padding":{"unit":"px","top":"0","right":"0","bottom":"0","left":"0","isLinked":true}},"elements":[{"id":"34b8586d","settings":{"_column_size":25,"_inline_size":null,"_inline_size_tablet":50,"margin_tablet":{"unit":"px","top":"0","right":"15","bottom":"40","left":"0","isLinked":false},"padding_tablet":{"unit":"px","top":"0","right":"0","bottom":"0","left":"0","isLinked":true},"margin_mobile":{"unit":"px","top":"0","right":"0","bottom":"30","left":"0","isLinked":false},"padding":{"unit":"px","top":"0","right":"0","bottom":"0","left":"0","isLinked":true}},"elements":[{"id":"dd6c22f","settings":{"image":{"url":"https:\/\/demo.creativethemes.com\/elementor\/garderobe\/wp-content\/uploads\/2021\/12\/team-member-1_optimized.webp","id":260,"alt":"","source":"library"},"image_size":"full","width_tablet":{"unit":"%","size":100,"sizes":[]}},"elements":[],"isInner":false,"widgetType":"image","elType":"widget"},{"id":"74fc0324","settings":{"title":"Jerry Hill","header_size":"h4","align":"center","typography_typography":"custom","typography_font_size":{"unit":"px","size":25,"sizes":[]},"typography_font_size_tablet":{"unit":"px","size":20,"sizes":[]},"_margin_tablet":{"unit":"px","top":"10","right":"0","bottom":"0","left":"0","isLinked":false}},"elements":[],"isInner":false,"widgetType":"heading","elType":"widget"},{"id":"2fa47d7c","settings":{"editor":"<p>Designer<\/p>","align":"center","typography_typography":"custom","typography_font_size":{"unit":"px","size":16,"sizes":[]},"typography_font_weight":"500","__globals__":{"text_color":"globals\/colors?id=blocksy_palette_1"},"_margin":{"unit":"px","top":"-10","right":"0","bottom":"0","left":"0","isLinked":false},"_padding":{"unit":"px","top":"0","right":"0","bottom":"0","left":"0","isLinked":true}},"elements":[],"isInner":false,"widgetType":"text-editor","elType":"widget"}],"isInner":false,"elType":"column"},{"id":"59f2f397","settings":{"_column_size":25,"_inline_size":null,"_inline_size_tablet":50,"margin_tablet":{"unit":"px","top":"0","right":"0","bottom":"40","left":"15","isLinked":false},"padding_tablet":{"unit":"px","top":"0","right":"0","bottom":"0","left":"0","isLinked":true},"margin_mobile":{"unit":"px","top":"0","right":"0","bottom":"30","left":"0","isLinked":false},"padding":{"unit":"px","top":"0","right":"0","bottom":"0","left":"0","isLinked":true}},"elements":[{"id":"7c7fd81b","settings":{"image":{"url":"https:\/\/demo.creativethemes.com\/elementor\/garderobe\/wp-content\/uploads\/2021\/12\/team-member-2_optimized.webp","id":259,"alt":"","source":"library"},"image_size":"full","width_tablet":{"unit":"%","size":100,"sizes":[]}},"elements":[],"isInner":false,"widgetType":"image","elType":"widget"},{"id":"11564d98","settings":{"title":"Roger Jones","header_size":"h4","align":"center","typography_typography":"custom","typography_font_size":{"unit":"px","size":25,"sizes":[]},"typography_font_size_tablet":{"unit":"px","size":20,"sizes":[]},"_margin_tablet":{"unit":"px","top":"10","right":"0","bottom":"0","left":"0","isLinked":false}},"elements":[],"isInner":false,"widgetType":"heading","elType":"widget"},{"id":"45c188e4","settings":{"editor":"<p>Manager<\/p>","align":"center","typography_typography":"custom","typography_font_size":{"unit":"px","size":16,"sizes":[]},"typography_font_weight":"500","__globals__":{"text_color":"globals\/colors?id=blocksy_palette_1"},"_margin":{"unit":"px","top":"-10","right":"0","bottom":"0","left":"0","isLinked":false},"_padding":{"unit":"px","top":"0","right":"0","bottom":"0","left":"0","isLinked":true}},"elements":[],"isInner":false,"widgetType":"text-editor","elType":"widget"}],"isInner":false,"elType":"column"},{"id":"7777347c","settings":{"_column_size":25,"_inline_size":null,"_inline_size_tablet":50,"margin_tablet":{"unit":"px","top":"0","right":"15","bottom":"0","left":"0","isLinked":false},"padding_tablet":{"unit":"px","top":"0","right":"0","bottom":"0","left":"0","isLinked":true},"margin_mobile":{"unit":"px","top":"0","right":"0","bottom":"30","left":"0","isLinked":false},"padding":{"unit":"px","top":"0","right":"0","bottom":"0","left":"0","isLinked":true}},"elements":[{"id":"7afb1b7b","settings":{"image":{"url":"https:\/\/demo.creativethemes.com\/elementor\/garderobe\/wp-content\/uploads\/2021\/12\/team-member-3_optimized.webp","id":261,"alt":"","source":"library"},"image_size":"full","width_tablet":{"unit":"%","size":100,"sizes":[]}},"elements":[],"isInner":false,"widgetType":"image","elType":"widget"},{"id":"19774b7a","settings":{"title":"Bianca Oliver","header_size":"h4","align":"center","typography_typography":"custom","typography_font_size":{"unit":"px","size":25,"sizes":[]},"typography_font_size_tablet":{"unit":"px","size":20,"sizes":[]},"_margin_tablet":{"unit":"px","top":"10","right":"0","bottom":"0","left":"0","isLinked":false}},"elements":[],"isInner":false,"widgetType":"heading","elType":"widget"},{"id":"6679818b","settings":{"editor":"<p>Consultant<\/p>","align":"center","typography_typography":"custom","typography_font_size":{"unit":"px","size":16,"sizes":[]},"typography_font_weight":"500","__globals__":{"text_color":"globals\/colors?id=blocksy_palette_1"},"_margin":{"unit":"px","top":"-10","right":"0","bottom":"0","left":"0","isLinked":false},"_padding":{"unit":"px","top":"0","right":"0","bottom":"0","left":"0","isLinked":true}},"elements":[],"isInner":false,"widgetType":"text-editor","elType":"widget"}],"isInner":false,"elType":"column"},{"id":"6393b8a2","settings":{"_column_size":25,"_inline_size":null,"_inline_size_tablet":50,"margin_tablet":{"unit":"px","top":"0","right":"0","bottom":"0","left":"15","isLinked":false},"padding_tablet":{"unit":"px","top":"0","right":"0","bottom":"0","left":"0","isLinked":true},"margin_mobile":{"unit":"px","top":"0","right":"0","bottom":"0","left":"0","isLinked":false},"padding":{"unit":"px","top":"0","right":"0","bottom":"0","left":"0","isLinked":true}},"elements":[{"id":"e9691e0","settings":{"image":{"url":"https:\/\/demo.creativethemes.com\/elementor\/garderobe\/wp-content\/uploads\/2021\/12\/team-member-4_optimized.webp","id":262,"alt":"","source":"library"},"image_size":"full","width_tablet":{"unit":"%","size":100,"sizes":[]}},"elements":[],"isInner":false,"widgetType":"image","elType":"widget"},{"id":"4adb6fc9","settings":{"title":"Mike Miller","header_size":"h4","align":"center","typography_typography":"custom","typography_font_size":{"unit":"px","size":25,"sizes":[]},"typography_font_size_tablet":{"unit":"px","size":20,"sizes":[]},"_margin_tablet":{"unit":"px","top":"10","right":"0","bottom":"0","left":"0","isLinked":false}},"elements":[],"isInner":false,"widgetType":"heading","elType":"widget"},{"id":"570e2d2","settings":{"editor":"<p>Stylist<\/p>","align":"center","typography_typography":"custom","typography_font_size":{"unit":"px","size":16,"sizes":[]},"typography_font_weight":"500","__globals__":{"text_color":"globals\/colors?id=blocksy_palette_1"},"_margin":{"unit":"px","top":"-10","right":"0","bottom":"0","left":"0","isLinked":false},"_padding":{"unit":"px","top":"0","right":"0","bottom":"0","left":"0","isLinked":true}},"elements":[],"isInner":false,"widgetType":"text-editor","elType":"widget"}],"isInner":false,"elType":"column"}],"isInner":false,"elType":"section"},{"id":"54d03fcf","settings":{"structure":"20","margin":{"unit":"px","top":"170","right":0,"bottom":"130","left":0,"isLinked":false},"margin_tablet":{"unit":"px","top":"80","right":0,"bottom":"80","left":0,"isLinked":false},"gap":"no","background_background":"classic","background_image":{"url":"https:\/\/demo.creativethemes.com\/elementor\/garderobe\/wp-content\/uploads\/2021\/12\/testimonial-image_optimized.webp","id":264,"alt":"","source":"library"},"background_image_tablet":{"url":"https:\/\/demo.creativethemes.com\/elementor\/garderobe\/wp-content\/uploads\/2021\/12\/shop-sale-cta-background.svg","id":167,"alt":"","source":"library"},"background_image_mobile":{"url":"https:\/\/demo.creativethemes.com\/elementor\/garderobe\/wp-content\/uploads\/2021\/12\/shop-sale-cta-background.svg","id":167,"alt":"","source":"library"},"background_position":"center left","background_repeat":"no-repeat","background_size":"initial","background_bg_width":{"unit":"%","size":65,"sizes":[]},"background_bg_width_tablet":{"unit":"%","size":"","sizes":[]},"background_bg_width_mobile":{"unit":"%","size":"","sizes":[]},"padding":{"unit":"px","top":"150","right":"0","bottom":"150","left":"0","isLinked":false},"padding_tablet":{"unit":"px","top":"0","right":"0","bottom":"0","left":"0","isLinked":true},"padding_mobile":{"unit":"px","top":"0","right":"0","bottom":"0","left":"0","isLinked":true}},"elements":[{"id":"6712cbac","settings":{"_column_size":50,"_inline_size":50,"_inline_size_tablet":100,"padding_tablet":{"unit":"px","top":"0","right":"0","bottom":"0","left":"0","isLinked":true},"padding":{"unit":"px","top":"0","right":"0","bottom":"0","left":"0","isLinked":true}},"elements":[{"id":"35afc221","settings":{"image":{"url":"https:\/\/demo.creativethemes.com\/elementor\/garderobe\/wp-content\/uploads\/2021\/12\/testimonial-image_optimized.webp","id":264,"alt":"","source":"library"},"image_size":"full","width":{"unit":"%","size":100,"sizes":[]},"width_mobile":{"unit":"%","size":100,"sizes":[]},"hide_desktop":"hidden-desktop"},"elements":[],"isInner":false,"widgetType":"image","elType":"widget"}],"isInner":false,"elType":"column"},{"id":"8c7ba35","settings":{"_column_size":50,"_inline_size":50,"content_position":"center","align":"center","background_background":"classic","background_overlay_background":"classic","background_overlay_image":{"url":"https:\/\/demo.creativethemes.com\/elementor\/garderobe\/wp-content\/uploads\/2021\/12\/shop-sale-cta-background.svg","id":167,"alt":"","source":"library"},"background_overlay_position":"center center","background_overlay_repeat":"no-repeat","background_overlay_size":"cover","background_overlay_opacity":{"unit":"px","size":0.1000000000000000055511151231257827021181583404541015625,"sizes":[]},"padding":{"unit":"px","top":"120","right":"90","bottom":"120","left":"90","isLinked":false},"__globals__":{"background_color":"globals\/colors?id=blocksy_palette_4","background_overlay_color":""},"_inline_size_tablet":100,"content_position_tablet":"center","align_tablet":"center","background_overlay_position_tablet":"center center","background_overlay_repeat_tablet":"no-repeat","background_overlay_size_tablet":"cover","margin_tablet":{"unit":"px","top":"50","right":"0","bottom":"0","left":"0","isLinked":false},"padding_tablet":{"unit":"px","top":"70","right":"70","bottom":"70","left":"70","isLinked":true},"background_overlay_position_mobile":"bottom center","background_overlay_size_mobile":"cover","padding_mobile":{"unit":"px","top":"40","right":"40","bottom":"40","left":"40","isLinked":true},"margin":{"unit":"px","top":"0","right":"0","bottom":"0","left":"0","isLinked":false}},"elements":[{"id":"6d8b5b1c","settings":{"title":"Testimonials","__globals__":{"title_color":"globals\/colors?id=blocksy_palette_8"},"align_tablet":"center","typography_typography":"custom","typography_font_size_tablet":{"unit":"px","size":30,"sizes":[]},"_margin_tablet":{"unit":"px","top":"0","right":"0","bottom":"20","left":"0","isLinked":false}},"elements":[],"isInner":false,"widgetType":"heading","elType":"widget"},{"id":"af12346","settings":{"editor":"<p>Vitae ultricies leo integer malesuada euismod<br \/>Odio tempor orci dapibus ultrices in. Egestas diam in cursus euismod. Dictum purus viverra accumsan in nislempor.<\/p>","__globals__":{"text_color":""},"align_tablet":"center","text_color":"#A5AAAE"},"elements":[],"isInner":false,"widgetType":"text-editor","elType":"widget"},{"id":"475aa48e","settings":{"image":{"url":"https:\/\/demo.creativethemes.com\/elementor\/garderobe\/wp-content\/uploads\/2021\/12\/testimonial-avatar_optimized.webp","id":265,"alt":"","source":"library"},"title_text":"Jane Blayck","description_text":"","title_size":"p","image_size":{"unit":"%","size":15,"sizes":[]},"content_vertical_alignment":"middle","title_typography_typography":"custom","title_typography_font_size":{"unit":"px","size":20,"sizes":[]},"title_typography_font_weight":"bold","__globals__":{"title_color":"globals\/colors?id=blocksy_palette_1"},"image_size_tablet":{"unit":"%","size":10,"sizes":[]},"text_align_tablet":"center","_margin_tablet":{"unit":"px","top":"20","right":"0","bottom":"0","left":"0","isLinked":false},"_transform_translateX_effect_tablet":{"unit":"px","size":150,"sizes":[]},"_transform_translateX_effect_mobile":{"unit":"px","size":0,"sizes":[]},"image_size_mobile":{"unit":"%","size":20,"sizes":[]},"text_align":"left","_margin":{"unit":"px","top":"30","right":"0","bottom":"0","left":"0","isLinked":false}},"elements":[],"isInner":false,"widgetType":"image-box","elType":"widget"}],"isInner":false,"elType":"column"}],"isInner":false,"elType":"section"},{"id":"66bcc47d","settings":{"blocksy_stretch_section":"stretched","structure":"20","background_background":"classic","background_color":"#F7F6F5","__globals__":{"background_color":""},"content_position":"middle","padding":{"unit":"px","top":"0","right":"0","bottom":"0","left":"0","isLinked":true}},"elements":[{"id":"6d240258","settings":{"_column_size":50,"_inline_size":40,"margin":{"unit":"px","top":"0","right":"15","bottom":"0","left":"0","isLinked":false},"padding":{"unit":"px","top":"0","right":"0","bottom":"0","left":"0","isLinked":true},"_inline_size_tablet":100,"margin_tablet":{"unit":"px","top":"70","right":"30","bottom":"0","left":"30","isLinked":false}},"elements":[{"id":"27ce2096","settings":{"title":"Shop The 5 Biggest Shoe Trends","typography_typography":"custom","typography_font_size":{"unit":"px","size":40,"sizes":[]},"typography_line_height":{"unit":"px","size":60,"sizes":[]},"_margin":{"unit":"px","top":"0","right":"0","bottom":"20","left":"0","isLinked":false},"align_tablet":"center","typography_font_size_tablet":{"unit":"px","size":30,"sizes":[]},"_margin_tablet":{"unit":"px","top":"0","right":"0","bottom":"0","left":"0","isLinked":true},"typography_line_height_mobile":{"unit":"em","size":1.5,"sizes":[]}},"elements":[],"isInner":false,"widgetType":"heading","elType":"widget"},{"id":"7c543258","settings":{"editor":"<p>Mauris vitae ultricies leo integer malesuada. Ac odio tempor orci dapibus ultrices in. Egestas diam in arcu cursus euismod. Dictum purus viverra accumsan in nisl.<\/p>","_margin":{"unit":"px","top":"0","right":"0","bottom":"30","left":"0","isLinked":false},"align_tablet":"center","_margin_tablet":{"unit":"px","top":"0","right":"0","bottom":"20","left":"0","isLinked":false}},"elements":[],"isInner":false,"widgetType":"text-editor","elType":"widget"},{"id":"6a598ae5","settings":{"text":"Shop Now","typography_typography":"custom","typography_font_size":{"unit":"px","size":16,"sizes":[]},"typography_font_weight":"bold","typography_text_transform":"uppercase","border_radius":{"unit":"px","top":"0","right":"0","bottom":"0","left":"0","isLinked":true},"text_padding":{"unit":"px","top":"20","right":"30","bottom":"20","left":"30","isLinked":false},"_padding":{"unit":"px","top":"0","right":"0","bottom":"0","left":"0","isLinked":false},"__globals__":{"background_color":"globals\/colors?id=blocksy_palette_1","button_background_hover_color":"globals\/colors?id=blocksy_palette_2"},"align_tablet":"center","text_padding_tablet":{"unit":"px","top":"20","right":"30","bottom":"20","left":"30","isLinked":false}},"elements":[],"isInner":false,"widgetType":"button","elType":"widget"}],"isInner":false,"elType":"column"},{"id":"2ff3f39a","settings":{"_column_size":50,"_inline_size":60,"margin":{"unit":"px","top":"0","right":"0","bottom":"0","left":"15","isLinked":false},"padding":{"unit":"px","top":"0","right":"0","bottom":"0","left":"0","isLinked":true},"_inline_size_tablet":100,"margin_tablet":{"unit":"px","top":"50","right":"0","bottom":"0","left":"0","isLinked":false}},"elements":[{"id":"766fbfa8","settings":{"image":{"url":"https:\/\/demo.creativethemes.com\/elementor\/garderobe\/wp-content\/uploads\/2021\/12\/about-us-collection-section_2_optimized.webp","id":274,"alt":"","source":"library"},"width_tablet":{"unit":"%","size":60,"sizes":[]}},"elements":[],"isInner":false,"widgetType":"image","elType":"widget"}],"isInner":false,"elType":"column"}],"isInner":false,"elType":"section"},{"id":"44afef94","settings":{"content_width":{"unit":"px","size":600,"sizes":[]},"background_background":"classic","background_image":{"url":"https:\/\/demo.creativethemes.com\/elementor\/garderobe\/wp-content\/uploads\/2021\/12\/about-us-newsletter-background_optimized.webp","id":278,"alt":"","source":"library"},"background_position":"center center","background_repeat":"no-repeat","background_size":"cover","background_overlay_background":"classic","background_overlay_opacity":{"unit":"px","size":0.65000000000000002220446049250313080847263336181640625,"sizes":[]},"margin":{"unit":"px","top":"130","right":0,"bottom":"130","left":0,"isLinked":false},"padding":{"unit":"px","top":"120","right":"90","bottom":"120","left":"90","isLinked":false},"__globals__":{"background_overlay_color":"globals\/colors?id=blocksy_palette_4"},"padding_tablet":{"unit":"px","top":"80","right":"80","bottom":"80","left":"80","isLinked":true},"padding_mobile":{"unit":"px","top":"30","right":"30","bottom":"30","left":"30","isLinked":true},"margin_tablet":{"unit":"px","top":"80","right":0,"bottom":"80","left":0,"isLinked":true}},"elements":[{"id":"148e8b46","settings":{"_column_size":100,"_inline_size":null,"padding_tablet":{"unit":"px","top":"0","right":"0","bottom":"0","left":"0","isLinked":true},"padding":{"unit":"px","top":"0","right":"0","bottom":"0","left":"0","isLinked":true}},"elements":[{"id":"3a06ef21","settings":{"title":"Newsletter Updates","align":"center","__globals__":{"title_color":"globals\/colors?id=blocksy_palette_8"},"typography_typography":"custom","typography_font_size_tablet":{"unit":"px","size":30,"sizes":[]},"typography_font_size":{"unit":"px","size":40,"sizes":[]}},"elements":[],"isInner":false,"widgetType":"heading","elType":"widget"},{"id":"1b1f0c89","settings":{"editor":"<p>Subscribe to receive emails on new product arrivals &amp; special offers<\/p>","align":"center","typography_typography":"custom","typography_font_size":{"unit":"px","size":25,"sizes":[]},"__globals__":{"text_color":"globals\/colors?id=blocksy_palette_8"},"typography_font_size_tablet":{"unit":"px","size":20,"sizes":[]},"_margin_tablet":{"unit":"px","top":"0","right":"0","bottom":"0","left":"0","isLinked":true}},"elements":[],"isInner":false,"widgetType":"text-editor","elType":"widget"},{"id":"7eae096e","settings":{"form_id":"157","_margin":{"unit":"px","top":"-20","right":"0","bottom":"0","left":"0","isLinked":false}},"elements":[],"isInner":false,"widgetType":"wpforms","elType":"widget"}],"isInner":false,"elType":"column"}],"isInner":false,"elType":"section"}],"page_settings":[],"version":"0.4","title":"about us","type":"page"}