{"content":[{"id":"672333d9","settings":{"blocksy_stretch_section":"stretched","content_position":"middle","background_background":"classic","background_color":"#F1F1F0","text_align":"center","padding":{"unit":"px","top":"180","right":"0","bottom":"340","left":"0","isLinked":false},"padding_tablet":{"unit":"px","top":"120","right":"0","bottom":"340","left":"0","isLinked":false},"padding_mobile":{"unit":"px","top":"110","right":"0","bottom":"310","left":"0","isLinked":false}},"elements":[{"id":"59cfca34","settings":{"_column_size":100,"_inline_size":null,"content_position":"center","align":"center","padding_tablet":{"unit":"px","top":"0","right":"0","bottom":"0","left":"0","isLinked":true}},"elements":[{"id":"12920817","settings":{"shortcode":"[blocksy_breadcrumbs]","_margin_mobile":{"unit":"px","top":"10","right":"0","bottom":"0","left":"0","isLinked":false}},"elements":[],"isInner":false,"widgetType":"shortcode","elType":"widget"},{"id":"1e15df0d","settings":{"title":"Contact Us","align":"center","typography_typography":"custom","typography_font_size":{"unit":"px","size":70,"sizes":[]},"_margin":{"unit":"px","top":"15","right":"0","bottom":"0","left":"0","isLinked":false},"typography_font_size_tablet":{"unit":"px","size":40,"sizes":[]},"_margin_mobile":{"unit":"px","top":"5","right":"0","bottom":"0","left":"0","isLinked":false},"_margin_tablet":{"unit":"px","top":"5","right":"0","bottom":"0","left":"0","isLinked":false}},"elements":[],"isInner":false,"widgetType":"heading","elType":"widget"}],"isInner":false,"elType":"column"}],"isInner":false,"elType":"section"},{"id":"5cc4cfef","settings":{"content_position":"bottom","structure":"20","margin":{"unit":"px","top":"-120","right":0,"bottom":"0","left":0,"isLinked":false},"margin_mobile":{"unit":"px","top":"-150","right":0,"bottom":"0","left":0,"isLinked":false}},"elements":[{"id":"7d66dd98","settings":{"_column_size":50,"_inline_size":null,"background_background":"classic","__globals__":{"background_color":"globals\/colors?id=blocksy_palette_1"},"margin":{"unit":"px","top":"0","right":"25","bottom":"0","left":"0","isLinked":false},"padding":{"unit":"px","top":"0","right":"0","bottom":"0","left":"0","isLinked":true},"_inline_size_tablet":100,"margin_tablet":{"unit":"px","top":"0","right":"0","bottom":"0","left":"0","isLinked":true}},"elements":[{"id":"51dc93c5","settings":{"image":{"url":"https:\/\/demo.creativethemes.com\/elementor\/garderobe\/wp-content\/uploads\/2021\/12\/contact-us-image_optimized.webp","id":293,"alt":"","source":"library"},"image_size":"full","_margin":{"unit":"px","top":"-50","right":"0","bottom":"0","left":"0","isLinked":false},"width":{"unit":"%","size":90,"sizes":[]},"width_tablet":{"unit":"%","size":50,"sizes":[]},"width_mobile":{"unit":"%","size":100,"sizes":[]}},"elements":[],"isInner":false,"widgetType":"image","elType":"widget"}],"isInner":false,"elType":"column"},{"id":"7b99f979","settings":{"_column_size":50,"_inline_size":null,"margin":{"unit":"px","top":"0","right":"0","bottom":"0","left":"25","isLinked":false},"padding":{"unit":"px","top":"0","right":"0","bottom":"0","left":"0","isLinked":true},"_inline_size_tablet":100,"margin_tablet":{"unit":"px","top":"50","right":"0","bottom":"0","left":"0","isLinked":false}},"elements":[{"id":"4d92d34e","settings":{"title":"Contact with us\n","_margin":{"unit":"px","top":"0","right":"0","bottom":"10","left":"0","isLinked":false},"typography_typography":"custom","typography_font_size_tablet":{"unit":"px","size":30,"sizes":[]}},"elements":[],"isInner":false,"widgetType":"heading","elType":"widget"},{"id":"36936f30","settings":{"form_id":"156"},"elements":[],"isInner":false,"widgetType":"wpforms","elType":"widget"}],"isInner":false,"elType":"column"}],"isInner":false,"elType":"section"},{"id":"597e013","settings":{"structure":"20","margin":{"unit":"px","top":"130","right":0,"bottom":"50","left":0,"isLinked":false},"margin_tablet":{"unit":"px","top":"80","right":0,"bottom":"50","left":0,"isLinked":false}},"elements":[{"id":"429e5259","settings":{"_column_size":50,"_inline_size":67,"padding":{"unit":"px","top":"0","right":"0","bottom":"0","left":"0","isLinked":true}},"elements":[{"id":"4d68ee74","settings":{"editor":"<p>Check out latest products<\/p>","typography_typography":"custom","typography_font_size":{"unit":"px","size":18,"sizes":[]},"typography_font_weight":"500","typography_font_size_tablet":{"unit":"px","size":18,"sizes":[]},"align_mobile":"center","text_color":"#A5AAAE"},"elements":[],"isInner":false,"widgetType":"text-editor","elType":"widget"},{"id":"734c1eb3","settings":{"title":"New Arrivals","typography_typography":"custom","typography_font_size":{"unit":"px","size":40,"sizes":[]},"typography_font_size_tablet":{"unit":"px","size":30,"sizes":[]},"align_mobile":"center"},"elements":[],"isInner":false,"widgetType":"heading","elType":"widget"}],"isInner":false,"elType":"column"},{"id":"5d48f0d9","settings":{"_column_size":50,"_inline_size":33,"content_position":"bottom","align":"flex-end","padding":{"unit":"px","top":"0","right":"0","bottom":"0","left":"0","isLinked":true},"content_position_tablet":"center"},"elements":[{"id":"abb4b59","settings":{"text":"View All","align":"right","typography_typography":"custom","typography_font_size":{"unit":"px","size":15,"sizes":[]},"typography_font_weight":"600","typography_text_transform":"uppercase","background_color":"#02010100","border_border":"solid","border_width":{"unit":"px","top":"2","right":"2","bottom":"2","left":"2","isLinked":true},"border_color":"#687279","border_radius":{"unit":"px","top":"0","right":"0","bottom":"0","left":"0","isLinked":true},"__globals__":{"button_text_color":"globals\/colors?id=blocksy_palette_4","button_background_hover_color":"globals\/colors?id=blocksy_palette_2","button_hover_border_color":"globals\/colors?id=blocksy_palette_2"},"hover_color":"#FFFFFF","align_mobile":"center","_margin_mobile":{"unit":"px","top":"30","right":"0","bottom":"0","left":"0","isLinked":false}},"elements":[],"isInner":false,"widgetType":"button","elType":"widget"}],"isInner":false,"elType":"column"}],"isInner":false,"elType":"section"},{"id":"6b30ea99","settings":[],"elements":[{"id":"260ed437","settings":{"_column_size":100,"_inline_size":null,"padding":{"unit":"px","top":"0","right":"0","bottom":"0","left":"0","isLinked":true}},"elements":[{"id":"48299127","settings":{"shortcode":"[products limit=\"4\" columns=\"4\"]"},"elements":[],"isInner":false,"widgetType":"shortcode","elType":"widget"}],"isInner":false,"elType":"column"}],"isInner":false,"elType":"section"},{"id":"6d61a60f","settings":{"content_width":{"unit":"px","size":600,"sizes":[]},"background_background":"classic","background_image":{"url":"https:\/\/demo.creativethemes.com\/elementor\/garderobe\/wp-content\/uploads\/2021\/12\/newsletter-container-image_optimized.webp","id":158,"alt":"","source":"library"},"background_position":"center center","background_repeat":"no-repeat","background_size":"cover","background_overlay_background":"classic","background_overlay_opacity":{"unit":"px","size":0.59999999999999997779553950749686919152736663818359375,"sizes":[]},"margin":{"unit":"px","top":"130","right":0,"bottom":"130","left":0,"isLinked":false},"padding":{"unit":"px","top":"120","right":"90","bottom":"120","left":"90","isLinked":false},"__globals__":{"background_overlay_color":""},"padding_tablet":{"unit":"px","top":"100","right":"80","bottom":"80","left":"80","isLinked":false},"padding_mobile":{"unit":"px","top":"30","right":"30","bottom":"30","left":"30","isLinked":true},"background_overlay_color":"#000000","margin_tablet":{"unit":"px","top":"80","right":0,"bottom":"80","left":0,"isLinked":true}},"elements":[{"id":"bc21f70","settings":{"_column_size":100,"_inline_size":null,"padding_mobile":{"unit":"px","top":"0","right":"0","bottom":"0","left":"0","isLinked":true},"padding_tablet":{"unit":"px","top":"0","right":"0","bottom":"0","left":"0","isLinked":true},"padding":{"unit":"px","top":"0","right":"0","bottom":"0","left":"0","isLinked":true},"_inline_size_tablet":100},"elements":[{"id":"19c0fdf3","settings":{"title":"Newsletter Updates","align":"center","__globals__":{"title_color":"globals\/colors?id=blocksy_palette_8"},"typography_typography":"custom","typography_font_size_tablet":{"unit":"px","size":30,"sizes":[]},"typography_font_size":{"unit":"px","size":40,"sizes":[]},"typography_line_height_mobile":{"unit":"em","size":1.5,"sizes":[]}},"elements":[],"isInner":false,"widgetType":"heading","elType":"widget"},{"id":"3dc61cb9","settings":{"editor":"<p>Subscribe to receive emails on new product arrivals &amp; special offers<\/p>","align":"center","typography_typography":"custom","typography_font_size":{"unit":"px","size":25,"sizes":[]},"__globals__":{"text_color":"globals\/colors?id=blocksy_palette_8"},"typography_font_size_tablet":{"unit":"px","size":20,"sizes":[]}},"elements":[],"isInner":false,"widgetType":"text-editor","elType":"widget"},{"id":"53a1ee3b","settings":{"form_id":"157","_margin_tablet":{"unit":"px","top":"0","right":"0","bottom":"0","left":"0","isLinked":false}},"elements":[],"isInner":false,"widgetType":"wpforms","elType":"widget"}],"isInner":false,"elType":"column"}],"isInner":false,"elType":"section"}],"page_settings":[],"version":"0.4","title":"contact us","type":"page"}